id,first_name,last_name,email,gender
1,Godard,Addekin,gaddekin0@blinklist.com,Male
2,Angele,Bentje,abentje1@squidoo.com,Female
3,Karyn,Todman,ktodman2@spiegel.de,Female
4,Gianna,Ortega,gortega3@sciencedaily.com,Female
5,Calli,Pile,cpile4@netvibes.com,Female
6,Gerhardine,Lademann,glademann5@thetimes.co.uk,Female
7,Kerry,Gumary,kgumary6@walmart.com,Male
8,Sheba,Landrick,slandrick7@goodreads.com,Female
9,Claudio,Tolman,ctolman8@archive.org,Male
10,Lou,Medlin,lmedlin9@cam.ac.uk,Male
11,Hatti,Claiden,hclaidena@redcross.org,Female
12,Scarlet,Buttrum,sbuttrumb@multiply.com,Female
13,Agna,Creegan,acreeganc@nsw.gov.au,Female
14,Quint,Huckleby,qhucklebyd@vimeo.com,Male
15,Allayne,Veare,avearee@hibu.com,Male
16,Rem,Aldridge,raldridgef@shinystat.com,Male
17,Danna,Corfield,dcorfieldg@chicagotribune.com,Female
18,Stanford,Cestard,scestardh@berkeley.edu,Male
19,Bibbie,Johanning,bjohanningi@cnbc.com,Female
20,Richmound,Matijasevic,rmatijasevicj@diigo.com,Male
21,Amelina,Sailor,asailork@technorati.com,Female
22,Cammie,Albinson,calbinsonl@purevolume.com,Female
23,Ugo,Melluish,umelluishm@biblegateway.com,Male
24,Felipe,Golborne,fgolbornen@xrea.com,Male
25,Charlotta,Bambra,cbambrao@rambler.ru,Female
26,Stefano,Maddicks,smaddicksp@skyrock.com,Male
27,Rebeca,Diggles,rdigglesq@java.com,Female
28,Barbey,Fulks,bfulksr@seattletimes.com,Female
29,Marten,Sainer,msainers@geocities.jp,Male
30,Coletta,Sopp,csoppt@bravesites.com,Female
31,Palm,Wisedale,pwisedaleu@utexas.edu,Male
32,Lacie,Labon,llabonv@independent.co.uk,Female
33,Maurise,Cattle,mcattlew@com.com,Female
34,Inez,Dagwell,idagwellx@linkedin.com,Female
35,Mehetabel,Tadd,mtaddy@hc360.com,Female
36,Ofella,Frowd,ofrowdz@soundcloud.com,Female
37,Kinnie,MacCafferky,kmaccafferky10@cnn.com,Male
38,Coleman,Buzek,cbuzek11@cnet.com,Male
39,Shelba,Karoly,skaroly12@1und1.de,Female
40,Kalli,Haresnaip,kharesnaip13@moonfruit.com,Female
41,Suzanne,Eckersall,seckersall14@ameblo.jp,Female
42,Tull,Mayho,tmayho15@seesaa.net,Male
43,Jammie,Kettell,jkettell16@networkadvertising.org,Female
44,Ragnar,Skingle,rskingle17@scribd.com,Male
45,Delano,Hingeley,dhingeley18@salon.com,Male
46,Zahara,Thornewell,zthornewell19@bandcamp.com,Female
47,Westbrook,Ballach,wballach1a@drupal.org,Male
48,Ginelle,Rotherforth,grotherforth1b@feedburner.com,Female
49,Pace,Chatten,pchatten1c@theglobeandmail.com,Male
50,Colin,Semark,csemark1d@bloomberg.com,Male
51,Rivalee,Giraldez,rgiraldez1e@tinypic.com,Female
52,Anselm,Baron,abaron1f@toplist.cz,Male
53,Wilma,O'Halligan,wohalligan1g@vkontakte.ru,Female
54,Guendolen,Jouen,gjouen1h@miibeian.gov.cn,Female
55,Hildegarde,Glazyer,hglazyer1i@ifeng.com,Female
56,Bo,Noore,bnoore1j@so-net.ne.jp,Male
57,Devonna,Riccioppo,driccioppo1k@behance.net,Female
58,Lanie,Soitoux,lsoitoux1l@zimbio.com,Male
59,Odessa,Bossom,obossom1m@seattletimes.com,Female
60,Rorie,Aughton,raughton1n@dedecms.com,Female
61,Esmeralda,Nutter,enutter1o@pagesperso-orange.fr,Female
62,Law,Feighry,lfeighry1p@nbcnews.com,Male
63,Benjy,Venners,bvenners1q@csmonitor.com,Male
64,Orren,Duddridge,oduddridge1r@msu.edu,Male
65,Thornton,Rust,trust1s@amazonaws.com,Male
66,Zebedee,Kadd,zkadd1t@qq.com,Male
67,Orville,Seres,oseres1u@wikimedia.org,Male
68,Idalia,O'Mullally,iomullally1v@dell.com,Female
69,Carling,Van Cassel,cvancassel1w@scientificamerican.com,Male
70,Rance,Werner,rwerner1x@ucla.edu,Male
71,Keane,Hakeworth,khakeworth1y@cbc.ca,Male
72,Milissent,Jane,mjane1z@techcrunch.com,Female
73,Isabel,Buckwell,ibuckwell20@mail.ru,Female
74,Walther,Dredge,wdredge21@123-reg.co.uk,Male
75,Reyna,Braden,rbraden22@ft.com,Female
76,Alene,Headan,aheadan23@google.com.hk,Female
77,Lacey,Scamadine,lscamadine24@marriott.com,Female
78,Rozalin,Troucher,rtroucher25@squarespace.com,Female
79,Tracee,Weld,tweld26@chronoengine.com,Female
80,Andi,Remington,aremington27@dion.ne.jp,Female
81,Bald,Rosling,brosling28@columbia.edu,Male
82,Maxy,Pellamont,mpellamont29@umn.edu,Male
83,Witty,Podd,wpodd2a@yahoo.com,Male
84,Garwood,Bahike,gbahike2b@zdnet.com,Male
85,Margarete,McCaighey,mmccaighey2c@dell.com,Female
86,Lenette,Monteith,lmonteith2d@google.it,Female
87,Lory,Egerton,legerton2e@naver.com,Female
88,Carlie,Corzor,ccorzor2f@china.com.cn,Male
89,Horatius,Yallowley,hyallowley2g@businessinsider.com,Male
90,Rice,Trude,rtrude2h@instagram.com,Male
91,Chrysler,Alejandro,calejandro2i@nytimes.com,Female
92,Marji,Hambribe,mhambribe2j@diigo.com,Female
93,Sileas,Blakeborough,sblakeborough2k@ebay.com,Female
94,Chauncey,Lowten,clowten2l@wordpress.org,Male
95,Normand,Lemm,nlemm2m@yolasite.com,Male
96,Michale,Frostdyke,mfrostdyke2n@craigslist.org,Male
97,Gare,Jamrowicz,gjamrowicz2o@bandcamp.com,Male
98,Ketti,Brunnstein,kbrunnstein2p@reference.com,Female
99,Charlena,Willford,cwillford2q@taobao.com,Female
100,Magnum,Kingscott,mkingscott2r@sfgate.com,Male
101,Marwin,Andress,mandress2s@dailymail.co.uk,Male
102,Wileen,Abernethy,wabernethy2t@ca.gov,Female
103,Donalt,Loudian,dloudian2u@state.tx.us,Male
104,Rodolph,Sterling,rsterling2v@unesco.org,Male
105,Collie,Rosenhaupt,crosenhaupt2w@miibeian.gov.cn,Female
106,Harris,Doohan,hdoohan2x@soup.io,Male
107,Toiboid,Davitt,tdavitt2y@opensource.org,Male
108,Asa,Brunet,abrunet2z@scientificamerican.com,Male
109,Lina,Bake,lbake30@ft.com,Female
110,Sean,Attwool,sattwool31@amazonaws.com,Male
111,Hillyer,Rumbold,hrumbold32@umn.edu,Male
112,Barclay,Seivertsen,bseivertsen33@wikimedia.org,Male
113,Rennie,Dmitrievski,rdmitrievski34@ifeng.com,Female
114,Hayward,Garlette,hgarlette35@oakley.com,Male
115,Pattin,Van Haeften,pvanhaeften36@census.gov,Male
116,Artair,Jovasevic,ajovasevic37@domainmarket.com,Male
117,Tom,Ranfield,tranfield38@clickbank.net,Male
118,Augustine,Folger,afolger39@sina.com.cn,Female
119,Tarrance,Cram,tcram3a@spotify.com,Male
120,Matthaeus,Mallock,mmallock3b@sciencedirect.com,Male
121,Suzanna,Walak,swalak3c@themeforest.net,Female
122,Pat,Conechie,pconechie3d@csmonitor.com,Female
123,Larisa,Egle of Germany,legleofgermany3e@hc360.com,Female
124,Alanson,Rispine,arispine3f@cnn.com,Male
125,Lanie,Flewett,lflewett3g@deviantart.com,Female
126,Clayson,Beininck,cbeininck3h@gnu.org,Male
127,Starla,Chirm,schirm3i@pcworld.com,Female
128,Arluene,Summerson,asummerson3j@nymag.com,Female
129,Adolph,MacAiline,amacailine3k@cargocollective.com,Male
130,Hyman,Von Salzberg,hvonsalzberg3l@t.co,Male
131,Christine,Bradley,cbradley3m@alexa.com,Female
132,Fredrick,Prettjohn,fprettjohn3n@blogs.com,Male
133,Clevie,De Dantesie,cdedantesie3o@lycos.com,Male
134,Barron,Wallworke,bwallworke3p@github.com,Male
135,Anna,Towhey,atowhey3q@over-blog.com,Female
136,Elizabeth,Mungane,emungane3r@lulu.com,Female
137,Minor,Peperell,mpeperell3s@tumblr.com,Male
138,Gertie,Timbrell,gtimbrell3t@usa.gov,Female
139,Saudra,Bowles,sbowles3u@odnoklassniki.ru,Female
140,Silas,Stileman,sstileman3v@facebook.com,Male
141,Spike,Pohlke,spohlke3w@miitbeian.gov.cn,Male
142,Ezra,Dimmer,edimmer3x@toplist.cz,Male
143,Preston,Cantopher,pcantopher3y@seesaa.net,Male
144,Gladys,Perle,gperle3z@topsy.com,Female
145,Agnesse,de Nore,adenore40@ebay.co.uk,Female
146,Sheela,Blueman,sblueman41@tinyurl.com,Female
147,Georgina,Archbell,garchbell42@mediafire.com,Female
148,Vonni,Bodycombe,vbodycombe43@state.tx.us,Female
149,Tan,Evanson,tevanson44@mac.com,Male
150,Edd,O'Hdirscoll,eohdirscoll45@prnewswire.com,Male
151,Wat,Halbeard,whalbeard46@smugmug.com,Male
152,Bucky,Ribeiro,bribeiro47@dmoz.org,Male
153,Alecia,Count,acount48@mapy.cz,Female
154,Vilma,Peinke,vpeinke49@de.vu,Female
155,Rem,Kleinschmidt,rkleinschmidt4a@zdnet.com,Male
156,Fina,Fishpond,ffishpond4b@earthlink.net,Female
157,Lonnard,Kimble,lkimble4c@yale.edu,Male
158,Melamie,Willatt,mwillatt4d@google.co.uk,Female
159,Zarah,Dunican,zdunican4e@japanpost.jp,Female
160,Byram,Adamolli,badamolli4f@vk.com,Male
161,Ingeborg,Inglis,iinglis4g@sourceforge.net,Female
162,Darbie,Checci,dchecci4h@army.mil,Female
163,Freedman,Briant,fbriant4i@netvibes.com,Male
164,Horatius,Trimbey,htrimbey4j@loc.gov,Male
165,Kendre,Selland,kselland4k@ebay.co.uk,Female
166,Birgitta,Hutcheon,bhutcheon4l@friendfeed.com,Female
167,Jayme,Withey,jwithey4m@howstuffworks.com,Female
168,Rockie,Spaldin,rspaldin4n@aol.com,Male
169,Angelia,Emanuelov,aemanuelov4o@rediff.com,Female
170,Maurise,Wartnaby,mwartnaby4p@shareasale.com,Male
171,Rudolf,Stimson,rstimson4q@whitehouse.gov,Male
172,Gusti,Mewburn,gmewburn4r@delicious.com,Female
173,Roch,Guilloton,rguilloton4s@plala.or.jp,Female
174,Fabiano,Bradburne,fbradburne4t@cdbaby.com,Male
175,Xena,Fifield,xfifield4u@reuters.com,Female
176,Stephanie,Basden,sbasden4v@odnoklassniki.ru,Female
177,Cyb,Gouldie,cgouldie4w@devhub.com,Female
178,Sharleen,Whitmore,swhitmore4x@opera.com,Female
179,Daisi,Hawkyens,dhawkyens4y@t-online.de,Female
180,Duffy,Thieme,dthieme4z@samsung.com,Male
181,Launce,Dalby,ldalby50@princeton.edu,Male
182,Shana,Buckham,sbuckham51@craigslist.org,Female
183,Quincy,Tidmas,qtidmas52@auda.org.au,Male
184,Reena,Simunek,rsimunek53@cmu.edu,Female
185,Ermanno,Mallon,emallon54@wp.com,Male
186,Brockie,Jakes,bjakes55@themeforest.net,Male
187,Fletcher,Lavies,flavies56@360.cn,Male
188,Pincas,Betancourt,pbetancourt57@va.gov,Male
189,Gan,Lidgerton,glidgerton58@mac.com,Male
190,Armand,Hutchcraft,ahutchcraft59@last.fm,Male
191,Albie,Dedney,adedney5a@newyorker.com,Male
192,Wendy,Allnutt,wallnutt5b@bloglovin.com,Female
193,Carce,Muckle,cmuckle5c@ftc.gov,Male
194,Nathaniel,Warman,nwarman5d@zdnet.com,Male
195,Uta,Cracoe,ucracoe5e@blog.com,Female
196,Hinda,Haugeh,hhaugeh5f@alibaba.com,Female
197,Emanuele,Meharry,emeharry5g@myspace.com,Male
198,Fernandina,Patty,fpatty5h@cnet.com,Female
199,Rosalyn,Bleacher,rbleacher5i@disqus.com,Female
200,Graehme,Porkiss,gporkiss5j@howstuffworks.com,Male
201,Rocky,Kas,rkas5k@hubpages.com,Male
202,Gery,Spleving,gspleving5l@wikipedia.org,Male
203,Haskel,Tebboth,htebboth5m@ca.gov,Male
204,Nadya,Shuttlewood,nshuttlewood5n@dropbox.com,Female
205,Donal,Hockell,dhockell5o@deviantart.com,Male
206,Nicky,Attenborough,nattenborough5p@cyberchimps.com,Male
207,Hedi,Hadye,hhadye5q@ezinearticles.com,Female
208,Ogdon,Linner,olinner5r@youtu.be,Male
209,Roseanne,Cuseck,rcuseck5s@eventbrite.com,Female
210,Darrelle,Spinelli,dspinelli5t@homestead.com,Female
211,Jocelyn,Vegas,jvegas5u@state.tx.us,Female
212,Xavier,Blees,xblees5v@booking.com,Male
213,Herculie,McMeanma,hmcmeanma5w@msn.com,Male
214,Lindie,Heyns,lheyns5x@oracle.com,Female
215,Isak,McGann,imcgann5y@gravatar.com,Male
216,Evaleen,Blakeston,eblakeston5z@cbslocal.com,Female
217,Maiga,Shreve,mshreve60@seattletimes.com,Female
218,Lauretta,Weeden,lweeden61@wiley.com,Female
219,Ethelyn,Arens,earens62@stumbleupon.com,Female
220,Shaylynn,Orrum,sorrum63@facebook.com,Female
221,Shepperd,Kender,skender64@shop-pro.jp,Male
222,Joell,Pattillo,jpattillo65@reverbnation.com,Female
223,Alwyn,Aslet,aaslet66@ucla.edu,Male
224,Gerrard,Rhodus,grhodus67@blinklist.com,Male
225,Amory,Wilshin,awilshin68@theguardian.com,Male
226,Jard,Bennetto,jbennetto69@wsj.com,Male
227,Sig,Koene,skoene6a@cam.ac.uk,Male
228,Spike,Folcarelli,sfolcarelli6b@taobao.com,Male
229,Paloma,Pixton,ppixton6c@aboutads.info,Female
230,Malchy,Aguilar,maguilar6d@craigslist.org,Male
231,Donny,Olivier,dolivier6e@accuweather.com,Female
232,Goddard,Ryley,gryley6f@mayoclinic.com,Male
233,Thorny,Hurley,thurley6g@redcross.org,Male
234,Gaelan,Motion,gmotion6h@shutterfly.com,Male
235,Tabbie,McDonnell,tmcdonnell6i@newsvine.com,Male
236,Netty,Elster,nelster6j@taobao.com,Female
237,Leanora,Androck,landrock6k@unesco.org,Female
238,Aloise,Bertelsen,abertelsen6l@msn.com,Female
239,Halimeda,Yesipov,hyesipov6m@oaic.gov.au,Female
240,Ardine,Meuse,ameuse6n@feedburner.com,Female
241,Tammie,Girodias,tgirodias6o@google.ru,Male
242,Joachim,Corzon,jcorzon6p@ft.com,Male
243,Anders,Rowsel,arowsel6q@house.gov,Male
244,Ariana,Gilstoun,agilstoun6r@indiatimes.com,Female
245,Kacie,Emberton,kemberton6s@usa.gov,Female
246,Ashien,Margeram,amargeram6t@wsj.com,Female
247,Allan,Bubbins,abubbins6u@creativecommons.org,Male
248,Kissee,Paradine,kparadine6v@shutterfly.com,Female
249,Melany,Wrinch,mwrinch6w@altervista.org,Female
250,Carney,Gilbride,cgilbride6x@cisco.com,Male
251,Anders,O'Kynsillaghe,aokynsillaghe6y@altervista.org,Male
252,Mohandis,Purple,mpurple6z@blogs.com,Male
253,Clary,Marishenko,cmarishenko70@php.net,Female
254,Britte,Ciobotaru,bciobotaru71@harvard.edu,Female
255,Amelie,Papis,apapis72@statcounter.com,Female
256,Newton,Willingale,nwillingale73@feedburner.com,Male
257,Alfons,Renvoys,arenvoys74@etsy.com,Male
258,Kenon,Reboulet,kreboulet75@webnode.com,Male
259,Melony,Kiddey,mkiddey76@sohu.com,Female
260,Orville,Dummer,odummer77@barnesandnoble.com,Male
261,Averil,Glasebrook,aglasebrook78@ebay.co.uk,Male
262,Kaitlin,McNeill,kmcneill79@booking.com,Female
263,Hatti,Gann,hgann7a@unc.edu,Female
264,Gib,Hordell,ghordell7b@berkeley.edu,Male
265,Tarrance,Monteath,tmonteath7c@reverbnation.com,Male
266,Inigo,Lyndon,ilyndon7d@lulu.com,Male
267,Shayne,Songust,ssongust7e@lulu.com,Female
268,Jarad,Mariet,jmariet7f@w3.org,Male
269,Em,Cubberley,ecubberley7g@yellowbook.com,Female
270,Darda,Lurner,dlurner7h@google.co.jp,Female
271,Ronni,Garvagh,rgarvagh7i@cornell.edu,Female
272,Margit,Prichard,mprichard7j@issuu.com,Female
273,Rici,Fullun,rfullun7k@mapquest.com,Female
274,Milly,Durnell,mdurnell7l@economist.com,Female
275,Abeu,Baribal,abaribal7m@nifty.com,Male
276,Faustina,Janew,fjanew7n@php.net,Female
277,Angelo,Hagyard,ahagyard7o@prnewswire.com,Male
278,Luce,Horder,lhorder7p@goo.gl,Female
279,Hebert,Swan,hswan7q@washingtonpost.com,Male
280,Matthaeus,Wastie,mwastie7r@dell.com,Male
281,Isaak,Ales,iales7s@un.org,Male
282,Thia,Lamberti,tlamberti7t@amazon.com,Female
283,Eartha,Delacour,edelacour7u@google.com.hk,Female
284,Oby,Millican,omillican7v@army.mil,Male
285,Evyn,Lewty,elewty7w@xinhuanet.com,Male
286,Golda,Flexman,gflexman7x@shareasale.com,Female
287,Bronnie,Szwandt,bszwandt7y@prnewswire.com,Male
288,Sholom,Artois,sartois7z@rakuten.co.jp,Male
289,Elke,Izaks,eizaks80@dmoz.org,Female
290,Rand,Creasy,rcreasy81@marketwatch.com,Male
291,Edward,Tiernan,etiernan82@google.co.jp,Male
292,Shamus,Cattow,scattow83@constantcontact.com,Male
293,Mufi,Wigfall,mwigfall84@sitemeter.com,Female
294,Debby,Hessay,dhessay85@umn.edu,Female
295,Giacinta,Bloy,gbloy86@arizona.edu,Female
296,Trever,Huortic,thuortic87@indiatimes.com,Male
297,Lyn,Adshede,ladshede88@wix.com,Male
298,Cass,Shafier,cshafier89@creativecommons.org,Male
299,Tailor,Reddy,treddy8a@tuttocitta.it,Male
300,Isiahi,Doone,idoone8b@paypal.com,Male
301,Hashim,MacMeanma,hmacmeanma8c@weather.com,Male
302,Jaye,Dibdale,jdibdale8d@businesswire.com,Male
303,Ninnette,Minshall,nminshall8e@upenn.edu,Female
304,Freida,Eggle,feggle8f@1688.com,Female
305,Herold,Durrett,hdurrett8g@blogger.com,Male
306,Antonetta,Paulton,apaulton8h@google.pl,Female
307,Zedekiah,McKibbin,zmckibbin8i@vinaora.com,Male
308,Tonnie,Gallant,tgallant8j@japanpost.jp,Male
309,Regine,Katte,rkatte8k@furl.net,Female
310,Bil,Damrel,bdamrel8l@dagondesign.com,Male
311,Gay,Pattie,gpattie8m@cisco.com,Male
312,Rod,Lumbers,rlumbers8n@usatoday.com,Male
313,Tore,Collingwood,tcollingwood8o@accuweather.com,Male
314,Clio,Szymaniak,cszymaniak8p@feedburner.com,Female
315,Charline,Benet,cbenet8q@ox.ac.uk,Female
316,Merla,Yude,myude8r@fastcompany.com,Female
317,Devan,Brixey,dbrixey8s@state.tx.us,Female
318,Reiko,Davids,rdavids8t@elegantthemes.com,Female
319,Philly,Agate,pagate8u@apple.com,Female
320,Guido,Drewes,gdrewes8v@xing.com,Male
321,Godiva,Huggett,ghuggett8w@blinklist.com,Female
322,Vikki,Westlake,vwestlake8x@ocn.ne.jp,Female
323,Else,Renne,erenne8y@marketwatch.com,Female
324,Holly-anne,Dollard,hdollard8z@loc.gov,Female
325,Saudra,Stolworthy,sstolworthy90@auda.org.au,Female
326,Sally,Fitzhenry,sfitzhenry91@mayoclinic.com,Female
327,Boote,Hause,bhause92@odnoklassniki.ru,Male
328,Jennine,Aslin,jaslin93@washington.edu,Female
329,Sid,Kordovani,skordovani94@studiopress.com,Male
330,Rodrick,De Bruyn,rdebruyn95@delicious.com,Male
331,Dun,Henderson,dhenderson96@ow.ly,Male
332,Marjory,Siss,msiss97@sciencedirect.com,Female
333,Sean,Rodenburgh,srodenburgh98@skyrock.com,Female
334,Abbye,Scarse,ascarse99@eventbrite.com,Female
335,Alane,Pettisall,apettisall9a@shutterfly.com,Female
336,Corabella,Tomasini,ctomasini9b@eventbrite.com,Female
337,Lutero,Chestnutt,lchestnutt9c@ning.com,Male
338,Dominic,McGall,dmcgall9d@facebook.com,Male
339,Fredric,Baitson,fbaitson9e@who.int,Male
340,Genovera,Cavey,gcavey9f@addtoany.com,Female
341,Trixie,Lifton,tlifton9g@stumbleupon.com,Female
342,Shelton,Sheal,ssheal9h@sciencedaily.com,Male
343,Peggi,Jeves,pjeves9i@uol.com.br,Female
344,Aurie,Izzard,aizzard9j@moonfruit.com,Female
345,Leda,Esmond,lesmond9k@tumblr.com,Female
346,Anthiathia,Eslie,aeslie9l@icq.com,Female
347,Stanly,Newvill,snewvill9m@cafepress.com,Male
348,Nanette,Burrells,nburrells9n@sohu.com,Female
349,Vitoria,Gonsalo,vgonsalo9o@indiatimes.com,Female
350,Cointon,Baert,cbaert9p@so-net.ne.jp,Male
351,Raimondo,Haller,rhaller9q@geocities.com,Male
352,Rafi,Signore,rsignore9r@blogspot.com,Male
353,Lolita,Sterricks,lsterricks9s@go.com,Female
354,Harrietta,Munford,hmunford9t@linkedin.com,Female
355,Wilhelm,Hairon,whairon9u@webs.com,Male
356,Ilyssa,Kirvell,ikirvell9v@nps.gov,Female
357,Kendrick,Oseland,koseland9w@wikimedia.org,Male
358,Michaelina,Semor,msemor9x@google.de,Female
359,Ryun,Hamshere,rhamshere9y@skyrock.com,Male
360,Kally,Bourbon,kbourbon9z@pen.io,Female
361,Farrand,Sains,fsainsa0@hud.gov,Female
362,Rosco,Bonass,rbonassa1@archive.org,Male
363,Townie,MacColgan,tmaccolgana2@pinterest.com,Male
364,Ikey,Leftwich,ileftwicha3@prnewswire.com,Male
365,Doyle,Hexum,dhexuma4@privacy.gov.au,Male
366,Scott,Edgecombe,sedgecombea5@bloglovin.com,Male
367,Wilmette,Meneely,wmeneelya6@issuu.com,Female
368,Thornton,Scramage,tscramagea7@gmpg.org,Male
369,Benny,Petracchi,bpetracchia8@devhub.com,Male
370,Karena,Donaghy,kdonaghya9@abc.net.au,Female
371,Giralda,Mum,gmumaa@wikimedia.org,Female
372,Tann,Terrill,tterrillab@vk.com,Male
373,Lucien,Pero,lperoac@bravesites.com,Male
374,Ilka,Curgenven,icurgenvenad@macromedia.com,Female
375,Obadias,Barwis,obarwisae@umich.edu,Male
376,Kenn,MacHoste,kmachosteaf@angelfire.com,Male
377,Germaine,Leil,gleilag@purevolume.com,Male
378,Verena,Szanto,vszantoah@mit.edu,Female
379,Quintina,Rothwell,qrothwellai@disqus.com,Female
380,Mathilda,Charlwood,mcharlwoodaj@telegraph.co.uk,Female
381,Danila,Strippel,dstrippelak@blogtalkradio.com,Female
382,Bliss,Sivior,bsivioral@twitter.com,Female
383,Tobit,Dreghorn,tdreghornam@woothemes.com,Male
384,Mario,Riley,mrileyan@who.int,Male
385,Franklin,Denis,fdenisao@thetimes.co.uk,Male
386,Isa,Halton,ihaltonap@tamu.edu,Female
387,Carmon,Corteney,ccorteneyaq@plala.or.jp,Female
388,Eduino,Warlowe,ewarlowear@blogs.com,Male
389,Debbie,Espinola,despinolaas@hibu.com,Female
390,Loralie,Girardengo,lgirardengoat@ted.com,Female
391,Melvin,Asple,maspleau@usnews.com,Male
392,Georgette,Demke,gdemkeav@ow.ly,Female
393,Roldan,Aitchison,raitchisonaw@tumblr.com,Male
394,Ilaire,Mohamed,imohamedax@ow.ly,Male
395,Obediah,Saunter,osaunteray@topsy.com,Male
396,Madelin,Perrett,mperrettaz@washington.edu,Female
397,Barney,McGarrell,bmcgarrellb0@ucoz.com,Male
398,Terra,Buttle,tbuttleb1@wufoo.com,Female
399,Merv,Pardew,mpardewb2@blogger.com,Male
400,Elsi,Barday,ebardayb3@buzzfeed.com,Female
401,Carmelle,Skep,cskepb4@ca.gov,Female
402,Bill,Ludman,bludmanb5@nature.com,Female
403,Josepha,Vynoll,jvynollb6@imgur.com,Female
404,Rafael,Pavolillo,rpavolillob7@icq.com,Male
405,Doretta,Gregersen,dgregersenb8@mayoclinic.com,Female
406,Griff,Winterflood,gwinterfloodb9@wikimedia.org,Male
407,Willette,Meneur,wmeneurba@noaa.gov,Female
408,Esmeralda,Boshell,eboshellbb@wisc.edu,Female
409,Whit,Sodory,wsodorybc@ezinearticles.com,Male
410,Alden,Isacke,aisackebd@vinaora.com,Male
411,Pincas,Dudeney,pdudeneybe@rakuten.co.jp,Male
412,Lyndell,Roads,lroadsbf@cocolog-nifty.com,Female
413,Mattias,McCuish,mmccuishbg@arstechnica.com,Male
414,Karoline,Gregorio,kgregoriobh@google.cn,Female
415,Terra,Rainforth,trainforthbi@netscape.com,Female
416,Salvatore,Piesing,spiesingbj@cargocollective.com,Male
417,Sybille,Rudinger,srudingerbk@baidu.com,Female
418,Tamarah,Cowmeadow,tcowmeadowbl@mtv.com,Female
419,Forrest,Swapp,fswappbm@alexa.com,Male
420,Adey,McBoyle,amcboylebn@yellowpages.com,Female
421,Dore,Geekin,dgeekinbo@icio.us,Male
422,James,Lamlin,jlamlinbp@wisc.edu,Male
423,Jessa,Ledur,jledurbq@tinypic.com,Female
424,Mariele,Kalderon,mkalderonbr@thetimes.co.uk,Female
425,Germana,Pitt,gpittbs@hatena.ne.jp,Female
426,Hi,Kingwell,hkingwellbt@360.cn,Male
427,Pegeen,Burtt,pburttbu@mit.edu,Female
428,Shell,Creddon,screddonbv@tripod.com,Female
429,Moishe,Loreit,mloreitbw@bloomberg.com,Male
430,Uta,Alam,ualambx@ucsd.edu,Female
431,Happy,Culp,hculpby@jugem.jp,Female
432,Julianna,Nunson,jnunsonbz@addtoany.com,Female
433,Hilda,Waddingham,hwaddinghamc0@businessinsider.com,Female
434,Tracy,Pawel,tpawelc1@sphinn.com,Male
435,Chrissy,Domerq,cdomerqc2@chron.com,Female
436,Archibaldo,Loukes,aloukesc3@mayoclinic.com,Male
437,Ailsun,Siderfin,asiderfinc4@tinyurl.com,Female
438,Fernando,Gimber,fgimberc5@furl.net,Male
439,Kelcy,Noweak,knoweakc6@weibo.com,Female
440,Gilles,Petegre,gpetegrec7@oracle.com,Male
441,Rory,Vell,rvellc8@boston.com,Male
442,Daune,Gregg,dgreggc9@tuttocitta.it,Female
443,Delora,Alfonsini,dalfonsinica@mapquest.com,Female
444,Phylis,Ulyatt,pulyattcb@altervista.org,Female
445,Don,Lesmonde,dlesmondecc@salon.com,Male
446,Lenna,Rigolle,lrigollecd@state.tx.us,Female
447,Bary,Hellyer,bhellyerce@usgs.gov,Male
448,Afton,Slark,aslarkcf@auda.org.au,Female
449,Danny,Fraanchyonok,dfraanchyonokcg@photobucket.com,Male
450,Emilio,Nealand,enealandch@house.gov,Male
451,Homer,McGarrie,hmcgarrieci@scientificamerican.com,Male
452,Phaedra,Drewett,pdrewettcj@umn.edu,Female
453,Tedmund,Dummett,tdummettck@hubpages.com,Male
454,Sholom,Fogden,sfogdencl@naver.com,Male
455,Allyson,Martonfi,amartonficm@scientificamerican.com,Female
456,Louis,Milward,lmilwardcn@sina.com.cn,Male
457,Greggory,Liell,gliellco@nih.gov,Male
458,Nikita,Lilly,nlillycp@berkeley.edu,Male
459,Dannye,Germaine,dgermainecq@engadget.com,Female
460,Wainwright,Petroff,wpetroffcr@stumbleupon.com,Male
461,Twila,Mohun,tmohuncs@reverbnation.com,Female
462,Borg,Valerio,bvalerioct@japanpost.jp,Male
463,Donavon,Vallentin,dvallentincu@usnews.com,Male
464,Lucais,Chartman,lchartmancv@stumbleupon.com,Male
465,Wandis,Ison,wisoncw@virginia.edu,Female
466,Georg,Logsdail,glogsdailcx@shinystat.com,Male
467,Nickolaus,Leheude,nleheudecy@examiner.com,Male
468,Kerry,Dewicke,kdewickecz@is.gd,Male
469,Jeffry,Dyers,jdyersd0@fotki.com,Male
470,Levon,Gantlett,lgantlettd1@google.pl,Male
471,Olenka,Casolla,ocasollad2@squarespace.com,Female
472,Codi,Gerrett,cgerrettd3@vinaora.com,Male
473,Libbie,Phripp,lphrippd4@mapquest.com,Female
474,Lilllie,Eisold,leisoldd5@go.com,Female
475,Rahal,Mongain,rmongaind6@adobe.com,Female
476,Faunie,Ionn,fionnd7@paypal.com,Female
477,Ruy,Craxford,rcraxfordd8@pinterest.com,Male
478,Augustine,Minmagh,aminmaghd9@nasa.gov,Female
479,Clayborne,Mathen,cmathenda@arstechnica.com,Male
480,Alfred,Burburough,aburburoughdb@so-net.ne.jp,Male
481,Colleen,Radnedge,cradnedgedc@lycos.com,Female
482,Myrtie,Hand,mhanddd@weather.com,Female
483,Johnnie,Martinelli,jmartinellide@whitehouse.gov,Male
484,Boniface,Girard,bgirarddf@google.cn,Male
485,Deirdre,McVeigh,dmcveighdg@yahoo.co.jp,Female
486,Stacia,Goshawk,sgoshawkdh@pbs.org,Female
487,Ellwood,Packman,epackmandi@wired.com,Male
488,Cobby,Nelius,cneliusdj@arizona.edu,Male
489,Maegan,Arlow,marlowdk@china.com.cn,Female
490,Danie,Murford,dmurforddl@nationalgeographic.com,Male
491,Lacee,Beevers,lbeeversdm@deliciousdays.com,Female
492,Giraldo,Britian,gbritiandn@bravesites.com,Male
493,Shannon,Caldicot,scaldicotdo@omniture.com,Female
494,Janina,Tedorenko,jtedorenkodp@go.com,Female
495,Hallie,Whatling,hwhatlingdq@addthis.com,Female
496,Pavel,Martensen,pmartensendr@fastcompany.com,Male
497,Jessy,Dongall,jdongallds@paypal.com,Female
498,Estrella,Andras,eandrasdt@linkedin.com,Female
499,Rea,Pim,rpimdu@delicious.com,Female
500,Gunther,Woolens,gwoolensdv@chronoengine.com,Male
